# lgwks_ast per-grammar parse budget (#277), measured 2026-10-05 on Apple M5 Pro, 15 cores, macOS 27.0
# command: AST_BUDGET_SHAPE_BYTES=262144 AST_BUDGET_TIMEOUT=120 scripts/measure-ast-budget.sh <out>
# then folded into this file; see bench/README.md for the tables and the reading
#
# two sections: one row per (grammar, shape), then one row per (grammar, tier).
# *_milli columns are per thousand; the *_mb_s_* columns are whole MB/s.
# floor_rss_bytes is the same binary with no source parsed, so a grammar's peak is read against it.

grammar	shape	bytes	parse_p50_ns	parse_p99_ns	walk_p50_ns	walk_p99_ns	checked_p50_ns	checked_p99_ns	parse_mb_s_p50	parse_mb_s_p99	checked_mb_s_p50	checked_mb_s_p99	walk_share_milli	checked_over_parse_milli	nodes	depth	outcome	peak_rss_bytes	floor_rss_bytes	exit
bash	longline	1906500	114709291	123462042	14818583	15404541	124068416	138598292	16	15	15	13	114	1081	190654	4	accepted	88752128	2195456	0
bash	nested	262144	66254583	69906083	12807625	12891208	78887167	82328708	3	3	3	3	161	1190	262145	3	invalid-syntax	103071744	2195456	0
bash	representative	2097150	235526459	242691083	42271416	43841500	268363583	280457459	8	8	7	7	152	1139	762601	4	accepted	229081088	2195456	0
bash	unbalanced	131072	13718458	14016250	3340500	3393625	14463542	14739333	9	9	9	8	195	1054	131073	2	invalid-syntax	44056576	2195456	0
c	longline	2024820	167057042	172187792	44360208	44764292	207347000	208184917	12	11	9	9	209	1241	1157041	6	accepted	230850560	2195456	0
c	nested	262144	32053708	34277541	13855875	13874000	33457250	34369417	8	7	7	7	301	1043	393217	131074	ast-too-deep	130826240	2195456	0
c	representative	2097135	185461708	194181500	50452250	51374208	217106625	218376792	11	10	9	9	213	1170	1157041	6	accepted	230948864	2195456	0
c	unbalanced	131072	9458709	10178541	3259625	3268792	10887166	11161042	13	12	12	11	256	1151	131073	2	invalid-syntax	41582592	2195456	0
cpp	longline	2013264	174640917	179555875	42533875	42665333	205451084	207546250	11	11	9	9	195	1176	1174405	5	accepted	230965248	2195456	0
cpp	nested	262144	33659583	34170875	12569542	12634708	33997208	35277375	7	7	7	7	271	1010	393217	131074	ast-too-deep	130826240	2195456	0
cpp	representative	2097150	179906500	190261709	43566041	44167292	211315250	220311375	11	11	9	9	194	1174	1174405	5	accepted	231129088	2195456	0
cpp	unbalanced	131072	11839792	12766583	2945292	2947750	12532792	13326792	11	10	10	9	199	1058	131073	2	invalid-syntax	42024960	2195456	0
csharp	longline	1922382	276258166	343597917	52052291	52062042	308408334	351582958	6	5	6	5	158	1116	1048573	4	accepted	348127232	2195456	0
csharp	nested	262144	50848334	54715083	18582208	19481209	50933083	53437084	5	4	5	4	267	1001	393218	131075	ast-too-deep	177242112	2195456	0
csharp	representative	2097144	259139125	276670083	55557875	57065875	293314167	302529708	8	7	7	6	176	1131	1048573	4	accepted	346636288	2195456	0
csharp	unbalanced	131072	10697666	11660166	2952416	2958000	12287959	13639792	12	11	10	9	216	1148	131073	2	invalid-syntax	42074112	2195456	0
css	longline	1980636	183064750	188855875	45575125	45901959	222328291	227240042	10	10	8	8	199	1214	1281589	5	accepted	178487296	2195456	0
css	nested	262144	60367625	61385833	15434042	15535083	72459833	75952750	4	4	3	3	203	1200	262146	3	invalid-syntax	107495424	2195456	0
css	representative	2097144	180604792	223603125	41263542	44434667	243024834	319731209	11	9	8	6	185	1345	1281589	5	accepted	178896896	2195456	0
css	unbalanced	131072	31675334	32141125	7998667	8153292	38489250	38779750	4	4	3	3	201	1215	131074	3	invalid-syntax	56410112	2195456	0
dart	longline	1957340	273940292	278525958	64570083	66974375	313245333	331052292	7	7	6	5	190	1143	1677721	5	accepted	341016576	2195456	0
dart	nested	262144	97499789209	123717094792	15446584	15474583	121998919792	131537809167	0	0	0	0	0	1251	262146	3	invalid-syntax	none	2195456	
dart	representative	2097150	273703959	278899083	64119208	64338458	314618792	322712250	7	7	6	6	189	1149	1677721	5	accepted	341196800	2195456	0
dart	unbalanced	131072	24896527333	25411140167	7748958	7990292	24834053375	29646894375	0	0	0	0	0	997	131074	3	invalid-syntax	none	2195456	
elixir	longline	1912080	768128625	993875458	50791625	52777583	803345500	843355500	2	1	2	2	62	1045	986881	8	accepted	234553344	2195456	0
elixir	nested	262143	21886916	22974000	4664292	4934125	22115625	24058542	11	11	11	10	175	1010	96580	27596	ast-too-deep	54018048	2195456	0
elixir	representative	2097120	296622208	311799833	56776417	56970833	364644625	371794417	7	6	5	5	160	1229	986881	8	accepted	290783232	2195456	0
elixir	unbalanced	206955	16056667	17140833	1980791	1999000	16798875	18317375	12	12	12	11	109	1046	55189	3	invalid-syntax	36274176	2195456	0
go	longline	1880190	1074590292	1082249417	54466500	57167875	1152298833	1234757042	1	1	1	1	48	1072	867781	5	accepted	237158400	2195456	0
go	nested	262144	54460375	72478458	26172000	29937375	49528500	60622208	4	3	5	4	324	909	524288	262145	ast-too-deep	173867008	2195456	0
go	representative	2097135	200342292	230185542	43521750	77366708	235466625	301423833	10	9	8	6	178	1175	867781	4	accepted	153436160	2195456	0
go	unbalanced	131072	12825625	15541250	3899167	4295875	13863042	17107250	10	8	9	7	233	1080	131073	2	invalid-syntax	43253760	2195456	0
haskell	longline	1997280	1507614625	1552280708	60119584	70310833	2014175041	2058762375	1	1	0	0	38	1336	898777	299596	ast-too-deep	325779456	2195456	0
haskell	nested	262144	249722208	264047583	17387667	27147625	333546625	358552625	1	0	0	0	65	1335	263218	35	invalid-syntax	298614784	2195456	0
haskell	representative	2097144	261526542	278140916	54710292	55519750	310494250	328960542	8	7	6	6	173	1187	798914	7	accepted	315817984	2195456	0
haskell	unbalanced	131072	195954000	232781083	8041958	9730875	225895667	261722584	0	0	0	0	39	1152	132113	3	invalid-syntax	245137408	2195456	0
hcl	longline	1897416	272149125	529345708	96730458	104839375	302236584	435429875	6	3	6	4	262	1110	1398098	5	accepted	298205184	2195456	0
hcl	nested	262144	294556833	294642959	8339042	8513459	284172916	305259958	0	0	0	0	27	964	262452	206	invalid-syntax	143769600	2195456	0
hcl	representative	2097144	358958333	480374333	79838667	95183584	480211292	586472875	5	4	4	3	181	1337	1398098	5	accepted	334577664	2195456	0
hcl	unbalanced	131072	30748459	33368875	8506250	9510291	36563833	39862334	4	3	3	3	216	1189	262145	3	invalid-syntax	71499776	2195456	0
html	longline	2016450	318911375	382248583	64749084	74353458	416729750	484495625	6	5	4	4	168	1306	1290529	6	accepted	160923648	2195456	0
html	nested	262141	4484492750	5855699417	10546292	12239042	3781887250	4826542667	0	0	0	0	2	843	191669	23834	ast-too-deep	159121408	2195456	0
html	representative	2097108	479939084	484087125	55375667	55400500	545138500	593070833	4	4	3	3	103	1135	1290529	6	accepted	161267712	2195456	0
html	unbalanced	119155	2811850750	4935697625	3416875	3456334	3461026625	3851543000	0	0	0	0	1	1230	95325	3	invalid-syntax	70467584	2195456	0
java	longline	1906500	253677667	314486500	71082709	78485000	310683959	313496459	7	6	6	6	218	1224	1143901	4	accepted	205537280	2195456	0
java	nested	262144	43116834	43327250	21143625	21714292	45162917	45530083	6	6	5	5	329	1047	393217	131074	ast-too-deep	131727360	2195456	0
java	representative	2097150	295470667	301798125	67453792	67787625	321327667	359032916	7	6	6	5	185	1087	1143901	4	accepted	206389248	2195456	0
java	unbalanced	131072	27844875	29010833	4156083	4232542	23073625	24028083	4	4	5	5	129	828	131073	2	invalid-syntax	47300608	2195456	0
javascript	longline	1935828	347898750	717296458	99628750	105951792	602391125	1241395417	5	2	3	1	222	1731	1129234	4	accepted	270024704	2195456	0
javascript	nested	262144	159902625	164569333	19414875	39585833	148655500	201477042	1	1	1	1	108	929	262146	3	invalid-syntax	98549760	2195456	0
javascript	representative	2097147	680519000	1076513750	108638166	115545208	815370125	915134333	3	1	2	2	137	1198	1129234	4	accepted	265928704	2195456	0
javascript	unbalanced	131072	22384458	35148833	4507666	4653209	21461125	54041708	5	3	6	2	167	958	131073	2	invalid-syntax	43745280	2195456	0
json	longline	1864128	464839208	511354667	133388625	151501666	535831042	634568416	4	3	3	2	222	1152	2000001	5	ast-too-large	305397760	2195456	0
json	nested	262144	53487458	61615458	23008416	23829500	60948708	62915833	4	4	4	4	300	1139	393217	131074	ast-too-deep	131923968	2195456	0
json	representative	2097144	487391250	551052375	288212125	443072417	616079875	645505666	4	3	3	3	371	1264	2000001	5	ast-too-large	308609024	2195456	0
json	unbalanced	131072	28355041	30194292	4528709	4638334	23923000	24193292	4	4	5	5	137	843	131073	2	invalid-syntax	47038464	2195456	0
kotlin	longline	1947348	882037791	1220528458	170617292	171391792	935578875	1084807000	2	1	2	1	162	1060	1797549	149800	ast-too-deep	459374592	2195456	0
kotlin	nested	262144	137161708	149818292	46657416	71948916	130662833	186377375	1	1	2	1	253	952	524288	262145	ast-too-deep	214401024	2195456	0
kotlin	representative	2097144	460580958	471701750	114148334	117154666	582415708	609450709	4	4	3	3	198	1264	1348165	4	accepted	276987904	2195456	0
kotlin	unbalanced	131072	22256166	25317333	4825041	4920917	26336042	33903958	5	5	4	3	178	1183	131073	2	invalid-syntax	44531712	2195456	0
lua	longline	1922382	419047833	705519500	193848291	208746166	469504125	705652750	4	2	4	2	316	1120	1398097	5	accepted	324960256	2195456	0
lua	nested	262144	107100083	125389000	22236750	23602417	133399000	150808625	2	2	1	1	171	1245	393219	131075	ast-too-deep	131956736	2195456	0
lua	representative	2097144	850232291	866994917	202288500	206649333	854721292	956136500	2	2	2	2	192	1005	1398097	5	accepted	325795840	2195456	0
lua	unbalanced	131072	16152917	16928125	4246959	4439166	16250959	16478458	8	7	8	7	208	1006	131073	2	invalid-syntax	47939584	2195456	0
markdown	longline	1828282	375083292	384107708	62632000	62862834	436313125	439288667	4	4	4	4	143	1163	860372	5	accepted	323174400	2195456	0
markdown	nested	262144	0	0	0	0	385125	313084	0	0	680	837	0	0	0	0	container-nesting-too-deep	4669440	2195456	0
markdown	representative	2097147	420747208	427482042	103567083	114040000	587687750	607491917	4	4	3	3	197	1396	1559418	6	accepted	482344960	2195456	0
markdown	unbalanced	262144	0	0	0	0	309000	298959	0	0	848	876	0	0	0	0	container-nesting-too-deep	4669440	2195456	0
nix	longline	1997280	493841000	531083542	62737083	65025833	524189333	537340834	4	3	3	3	112	1061	998645	6	invalid-syntax	121651200	2195456	0
nix	nested	262144	159200167	189120625	24949833	25081500	229576125	256726875	1	1	1	1	135	1442	262148	3	invalid-syntax	108036096	2195456	0
nix	representative	2097144	344369208	361351583	47295500	48555417	405403000	409780625	6	5	5	5	120	1177	998645	6	invalid-syntax	119963648	2195456	0
nix	unbalanced	131072	76162916	78944666	11352041	11610125	90599458	93036375	1	1	1	1	129	1189	131074	3	invalid-syntax	56606720	2195456	0
php	longline	1973776	760737209	1097699792	224369667	331833042	671900500	901814667	2	1	2	2	227	883	1110249	4	invalid-syntax	281427968	2195456	0
php	nested	262144	46217750	48416584	12387292	12725250	58226500	59761792	5	5	4	4	211	1259	262145	2	invalid-syntax	92864512	2195456	0
php	representative	2097137	612638833	742071417	67463375	70490083	680543584	753229667	3	2	3	2	99	1110	1110249	4	invalid-syntax	286867456	2195456	0
php	unbalanced	131072	9974042	10687167	3408541	3453417	10603000	11287625	13	12	12	11	254	1063	131073	2	invalid-syntax	42303488	2195456	0
python	longline	1906500	1024405042	1142678333	51317958	52228750	921790792	1023767667	1	1	2	1	47	899	1048576	5	accepted	149684224	2195456	0
python	nested	262144	211373958	212377709	25607583	26135292	215325834	219035292	1	1	1	1	108	1018	393218	131075	ast-too-deep	214335488	2195456	0
python	representative	2097150	208112000	228383042	46189625	46897375	244823042	270747875	10	9	8	7	181	1176	1048576	5	accepted	213581824	2195456	0
python	unbalanced	131072	10928958	11522709	3320583	3320875	13040375	13116500	11	11	10	9	233	1193	131073	2	invalid-syntax	42287104	2195456	0
ruby	longline	1647756	5591133583	6560106458	58978500	59192792	5748206167	6174052459	0	0	0	0	10	1028	1198367	599182	ast-too-deep	725876736	2195456	0
ruby	nested	262144	82300250	85701459	24803541	25142166	86214459	87116417	3	3	3	3	231	1047	393217	131074	ast-too-deep	299581440	2195456	0
ruby	representative	2097144	508406500	515591417	89299084	89527291	557809083	564519458	4	4	3	3	149	1097	898777	4	accepted	758464512	2195456	0
ruby	unbalanced	131072	16120583	17013250	3165750	3168291	17246917	18734250	8	7	7	6	164	1069	131073	2	invalid-syntax	50921472	2195456	0
rust	longline	1935828	159953291	161685500	51328709	51896792	199001333	201755875	12	11	9	9	242	1244	1451872	4	accepted	203948032	2195456	0
rust	nested	262144	48250917	51296167	19949833	20245334	45535167	47856167	5	5	5	5	292	943	393219	131075	ast-too-deep	172965888	2195456	0
rust	representative	2097147	169652667	175964750	52146000	52591583	207736542	218153083	12	11	10	9	235	1224	1451872	4	accepted	208420864	2195456	0
rust	unbalanced	131072	9158375	9640958	3167500	3171542	11063333	11101125	14	13	11	11	256	1208	131073	2	invalid-syntax	41648128	2195456	0
scala	longline	501490	29812128625	29924185625	10302667	10336292	28780585208	30063955083	0	0	0	0	0	965	182365	6	invalid-syntax	78577664	2195456	0
scala	nested	262144	111590667	113700000	28781375	29468833	117874042	118167250	2	2	2	2	205	1056	393217	131074	ast-too-deep	303775744	2195456	0
scala	representative	2097140	300528708	301853750	56132125	56339291	329190083	342315458	6	6	6	6	157	1095	1002981	5	accepted	333021184	2195456	0
scala	unbalanced	131072	13094167	13872000	3464542	3499500	14920750	14955916	10	9	8	8	209	1139	131073	2	invalid-syntax	43335680	2195456	0
solidity	longline	1947348	112130875	121300541	44928375	45628458	145001458	158342042	17	16	13	12	286	1293	898777	4	accepted	106872832	2195456	0
solidity	nested	262144	77258042	77563625	24711000	25603833	97977292	100700166	3	3	2	2	242	1268	262146	3	invalid-syntax	108003328	2195456	0
solidity	representative	2097144	116665333	119496708	39478125	40117166	146767042	152242959	17	17	14	13	252	1258	898777	4	accepted	105398272	2195456	0
solidity	unbalanced	131072	34148125	34705000	8964041	9545291	43952000	44775875	3	3	2	2	207	1287	131074	3	invalid-syntax	56459264	2195456	0
swift	longline	1922382	566488959	595744125	62931042	63196583	659186666	746108084	3	3	2	2	99	1163	1398098	5	invalid-syntax	320094208	2195456	0
swift	nested	262144	57417542	63688792	20445500	20477125	57326042	59099125	4	4	4	4	262	998	524288	262145	ast-too-deep	173064192	2195456	0
swift	representative	2097144	359550083	443781292	88332500	90397583	412155833	477859875	5	4	5	4	197	1146	1398097	4	accepted	378535936	2195456	0
swift	unbalanced	131072	28604292	28685375	3414542	3418791	24523875	24966584	4	4	5	5	106	857	131073	2	invalid-syntax	45973504	2195456	0
tsx	longline	1986768	274858042	296610666	73986458	77591292	332189209	340482166	7	6	5	5	212	1208	1324513	6	accepted	298450944	2195456	0
tsx	nested	262144	93291459	100629417	15813958	16162500	103196250	114953042	2	2	2	2	144	1106	262146	3	invalid-syntax	101384192	2195456	0
tsx	representative	2097144	263443209	301661000	65272583	65349416	329982000	387316667	7	6	6	5	198	1252	1324513	6	accepted	300892160	2195456	0
tsx	unbalanced	131072	12637917	12706750	3879583	3988875	13922625	14264500	10	10	9	9	234	1101	131073	2	invalid-syntax	43745280	2195456	0
typescript	longline	1997280	213308750	216696875	59875708	63807333	253959333	255028250	9	9	7	7	219	1190	1098505	6	accepted	251854848	2195456	0
typescript	nested	262144	90437708	92590375	14105500	14569083	103393875	106944000	2	2	2	2	134	1143	262146	3	invalid-syntax	100352000	2195456	0
typescript	representative	2097144	231527417	235247666	64845458	65237750	276565125	283962209	9	8	7	7	218	1194	1098505	6	accepted	252215296	2195456	0
typescript	unbalanced	131072	10027833	10206750	3378834	3436209	11837625	11922625	13	12	11	10	252	1180	131073	2	invalid-syntax	41746432	2195456	0
yaml	longline	1677720	37250	45209	375	417	38375	49041	45039	37110	43719	34210	9	1030	9	5	invalid-syntax	9863168	2195456	0
yaml	nested	262144	650458	653250	125	167	631333	673541	403	401	415	389	0	970	1	1	accepted	5357568	2195456	0
yaml	representative	2097150	125641917	127736709	10569167	10823875	132633084	136861417	16	16	15	15	77	1055	262147	7	invalid-syntax	144654336	2195456	0
yaml	unbalanced	262144	623166	628833	83	83	620750	622458	420	416	422	421	0	996	1	1	accepted	5373952	2195456	0

tier	grammar	level	bytes	workers	p50_ns	p99_ns	max_ns	wall_ns	throughput_mb_s	refused	peak_rss_bytes	exit
tier	bash	100	65536	8	1458	239750	251250	544625	12033	0	229425152	0
tier	bash	1000	65536	8	2250	18708	254417	1004084	65269	0	229474304	0
tier	bash	10000	65536	8	1375	4666	151750	4189292	156436	0	229982208	0
tier	bash	100000	65536	8	334	1917	354917	11389375	575413	0	231424000	0
tier	c	100	65536	8	1250	154459	160792	352583	18587	0	235552768	0
tier	c	1000	65536	8	1958	12917	123792	732917	89418	0	233521152	0
tier	c	10000	65536	8	834	3416	125833	2565042	255496	0	236208128	0
tier	c	100000	65536	8	334	2791	664541	11963709	547789	0	236503040	0
tier	cpp	100	65536	8	1000	174042	227625	413334	15855	0	235339776	0
tier	cpp	1000	65536	8	2542	19375	696250	1045916	62658	0	233635840	0
tier	cpp	10000	65536	8	1458	4917	3245958	5355000	122382	0	236355584	0
tier	cpp	100000	65536	8	458	3000	2811083	17173166	381618	0	235536384	0
tier	csharp	100	65536	8	1417	276041	286959	455667	14382	0	346980352	0
tier	csharp	1000	65536	8	1625	9250	564125	5085042	12887	0	346996736	0
tier	csharp	10000	65536	8	1041	5250	2584583	3887209	168593	0	349847552	0
tier	csharp	100000	65536	8	500	2542	5533750	15765708	415687	0	349700096	0
tier	css	100	65536	8	1750	147417	152750	629584	10409	0	181370880	0
tier	css	1000	65536	8	1750	13292	499917	846000	77465	0	181485568	0
tier	css	10000	65536	8	1000	5250	2643500	3974583	164887	0	179929088	0
tier	css	100000	65536	8	334	2541	2267667	14006875	467884	0	183582720	0
tier	dart	100	65536	8	708	50667	81666	446875	14665	0	343654400	0
tier	dart	1000	65536	8	1916	9833	581375	953334	68744	0	345817088	0
tier	dart	10000	65536	8	750	3625	263834	3471416	188787	0	346587136	0
tier	dart	100000	65536	8	458	2000	4941542	32722875	200275	0	345473024	0
tier	elixir	100	65536	8	1625	221417	225458	443750	14768	0	293158912	0
tier	elixir	1000	65536	8	2667	23250	280750	1132958	57845	0	293175296	0
tier	elixir	10000	65536	8	1125	3709	1995917	3782333	173268	0	293748736	0
tier	elixir	100000	65536	8	458	2250	2990209	12373667	529640	0	293765120	0
tier	go	100	65536	8	3375	231708	257750	594709	11019	0	153812992	0
tier	go	1000	65536	8	1750	10708	276625	988375	66306	0	151650304	0
tier	go	10000	65536	8	1000	3833	857416	3320625	197360	0	152518656	0
tier	go	100000	65536	8	334	2958	487000	13984792	468623	0	155959296	0
tier	haskell	100	65536	8	2500	349792	351583	1458500	4493	0	314097664	0
tier	haskell	1000	65536	8	2875	13208	643583	1308583	50081	0	314064896	0
tier	haskell	10000	65536	8	2375	7375	448833	5142416	127442	0	314916864	0
tier	haskell	100000	65536	8	750	4500	276250	17078167	383741	0	315260928	0
tier	hcl	100	65536	8	750	135666	373042	941792	6958	0	332857344	0
tier	hcl	1000	65536	8	3167	23084	206583	1030125	63619	0	335085568	0
tier	hcl	10000	65536	8	1958	6541	308583	4435083	147767	0	335822848	0
tier	hcl	100000	65536	8	500	3875	331917	14030834	467085	0	335806464	0
tier	html	100	65536	8	6333	286125	396667	565917	11580	0	161644544	0
tier	html	1000	65536	8	3250	37209	186750	1136000	57690	0	161595392	0
tier	html	10000	65536	8	1833	7041	215708	4441250	147562	0	162299904	0
tier	html	100000	65536	8	417	2916	2312792	16153000	405720	0	161677312	0
tier	java	100	65536	8	1417	88458	88541	407292	16090	0	206766080	0
tier	java	1000	65536	8	2209	18084	587292	927708	70642	0	206815232	0
tier	java	10000	65536	8	1042	4625	560833	3534958	185393	0	205488128	0
tier	java	100000	65536	8	375	2417	715417	10587916	618969	0	207568896	0
tier	javascript	100	65536	8	2458	186833	189750	374583	17495	0	271056896	0
tier	javascript	1000	65536	8	2084	12125	194500	762708	85925	0	271253504	0
tier	javascript	10000	65536	8	1167	4333	182541	3121333	209961	0	269860864	0
tier	javascript	100000	65536	8	375	2917	3333583	11863958	552395	0	271876096	0
tier	json	100	65536	8	2042	103041	107291	275500	23788	0	308953088	0
tier	json	1000	65536	8	1750	17250	178375	743916	88095	0	304807936	0
tier	json	10000	65536	8	916	4709	1246875	3177208	206269	0	305496064	0
tier	json	100000	65536	8	292	2458	253750	10728250	610873	0	309673984	0
tier	kotlin	100	65536	8	3584	255708	280917	504042	13002	0	277348352	0
tier	kotlin	1000	65536	8	1750	5833	183375	614084	106721	0	277299200	0
tier	kotlin	10000	65536	8	1333	3916	2700291	4278833	153163	0	275709952	0
tier	kotlin	100000	65536	8	500	2709	1941042	15879375	412711	0	274857984	0
tier	lua	100	65536	8	2667	230334	233917	419208	15633	0	326172672	0
tier	lua	1000	65536	8	2209	20709	268958	964958	67915	0	326254592	0
tier	lua	10000	65536	8	1125	4417	187792	3123875	209790	0	322797568	0
tier	lua	100000	65536	8	375	2459	105625	9146458	716517	0	328171520	0
tier	markdown	100	65536	8	6417	312958	319125	554959	11809	0	478478336	0
tier	markdown	1000	65536	8	2375	14000	299292	942250	69552	0	478445568	0
tier	markdown	10000	65536	8	1417	5042	378458	3665250	178803	0	481492992	0
tier	markdown	100000	65536	8	459	3834	1270584	18134375	361391	0	483393536	0
tier	nix	100	65536	8	3125	102458	128000	373875	17528	0	122437632	0
tier	nix	1000	65536	8	458	3459	365917	1651667	39678	0	122372096	0
tier	nix	10000	65536	8	833	3416	165584	2590833	252953	0	118931456	0
tier	nix	100000	65536	8	333	1917	160875	8329458	786797	0	120717312	0
tier	php	100	65536	8	1167	210667	217458	498834	13137	0	282902528	0
tier	php	1000	65536	8	2167	23000	160833	856458	76519	0	283082752	0
tier	php	10000	65536	8	750	6042	225708	2638292	248403	0	283574272	0
tier	php	100000	65536	8	333	2209	469083	8590083	762926	0	287375360	0
tier	python	100	65536	8	5292	162625	172875	464834	14098	0	212008960	0
tier	python	1000	65536	8	2209	14750	218417	824375	79497	0	211943424	0
tier	python	10000	65536	8	1834	5166	210917	3923042	167054	0	212779008	0
tier	python	100000	65536	8	417	3042	296625	12360792	530192	0	215400448	0
tier	ruby	100	65536	8	4000	208833	234250	477875	13714	0	758710272	0
tier	ruby	1000	65536	8	1917	13292	369583	841000	77926	0	756580352	0
tier	ruby	10000	65536	8	1292	4667	191333	3255375	201316	0	757465088	0
tier	ruby	100000	65536	8	333	2833	314417	9915750	660928	0	758661120	0
tier	rust	100	65536	8	5625	181125	194875	422292	15519	0	204619776	0
tier	rust	1000	65536	8	2500	21500	211541	893583	73340	0	204734464	0
tier	rust	10000	65536	8	1042	5000	84875	3019458	217045	0	205635584	0
tier	rust	100000	65536	8	292	3125	718833	12031250	544714	0	208633856	0
tier	scala	100	65536	8	2125	170292	203584	434792	15072	0	333316096	0
tier	scala	1000	65536	8	2334	31750	155625	862083	76020	0	333414400	0
tier	scala	10000	65536	8	1167	4417	874708	3401042	192693	0	334004224	0
tier	scala	100000	65536	8	333	2750	168041	9575458	684416	0	336429056	0
tier	solidity	100	65536	8	2583	69750	75208	469125	13969	0	105840640	0
tier	solidity	1000	65536	8	2000	5541	352500	934750	70110	0	107905024	0
tier	solidity	10000	65536	8	709	3417	83291	2550709	256932	0	106512384	0
tier	solidity	100000	65536	8	291	2334	174250	8898958	736445	0	107118592	0
tier	swift	100	65536	8	7500	133042	200792	583209	11237	0	378896384	0
tier	swift	1000	65536	8	2250	57791	107541	845334	77526	0	378880000	0
tier	swift	10000	65536	8	1125	3958	344083	3288125	199311	0	379551744	0
tier	swift	100000	65536	8	292	3000	177583	10804333	606571	0	382451712	0
tier	tsx	100	65536	8	1750	167166	212833	381542	17176	0	296992768	0
tier	tsx	1000	65536	8	1792	25416	72666	761000	86118	0	297091072	0
tier	tsx	10000	65536	8	708	4083	107875	2411416	271773	0	297992192	0
tier	tsx	100000	65536	8	250	2333	223292	7955833	823747	0	298876928	0
tier	typescript	100	65536	8	2250	228042	228583	478958	13683	0	250494976	0
tier	typescript	1000	65536	8	1959	20750	208750	754541	86855	0	250462208	0
tier	typescript	10000	65536	8	500	3750	131292	2453041	267162	0	251494400	0
tier	typescript	100000	65536	8	333	2459	308334	8823792	742719	0	253935616	0
tier	yaml	100	65536	8	709	29250	92000	410792	15953	0	147128320	0
tier	yaml	1000	65536	8	3625	19042	126666	970042	67559	0	145063936	0
tier	yaml	10000	65536	8	1917	6667	162000	4325000	151528	0	148094976	0
tier	yaml	100000	65536	8	833	3916	989166	23313916	281102	0	148733952	0
